15.0061,0,536
15.0127,536,1072
15.0198,1072,1608
15.0269,1608,2144
15.0335,2144,2680
15.0345,2680,3216
15.0406,3216,3752
15.0416,3752,4288
15.0427,4288,4824
15.0476,4824,5360
15.0551,5360,5896
15.0561,5896,6432
15.057,6432,6968
15.0711,6968,7504
15.0721,7504,8040
15.073,8040,8576
15.0871,8576,9112
15.0881,9112,9648
15.089,9648,10184
15.1031,10184,10720
15.1041,10720,11256
15.105,11256,11792
15.1191,11792,12328
15.1201,12328,12864
15.121,12864,13400
15.1351,13400,13936
15.1361,13936,14472
15.137,14472,15008
15.1511,15008,15544
15.1521,15544,16080
15.153,16080,16616
15.1671,16616,17152
15.1681,17152,17688
15.169,17688,18224
15.1831,18224,18760
15.1841,18760,19296
15.185,19296,19832
15.1991,19832,20368
15.2001,20368,20904
15.201,20904,21440
15.2151,21440,21976
15.2161,21976,22512
15.217,22512,23048
15.2311,23048,23584
15.2321,23584,24120
15.233,24120,24656
15.2471,24656,25192
15.2481,25192,25728
15.249,25728,26264
15.2631,26264,26800
15.2641,26800,27336
15.265,27336,27872
15.2791,27872,28408
15.2801,28408,28944
15.281,28944,29480
15.2951,29480,30016
15.2961,30016,30552
15.297,30552,31088
15.3111,31088,31624
15.3121,31624,32160
15.313,32160,32696
15.3271,32696,33232
15.3281,33232,33768
15.329,33768,34304
15.3431,34304,34840
15.3441,34840,35376
15.345,35376,35912
15.3591,35912,36448
15.3601,36448,36984
15.361,36984,37520
15.3751,37520,38056
15.3761,38056,38592
15.377,38592,39128
15.3911,39128,39664
15.3921,39664,40200
15.393,40200,40736
15.4071,40736,41272
15.4081,41272,41808
15.409,41808,42344
15.4231,42344,42880
15.4241,42880,43416
15.425,43416,43952
15.4391,43952,44488
15.4401,44488,45024
15.441,45024,45560
15.4551,45560,46096
15.4561,46096,46632
15.457,46632,47168
15.4711,47168,47704
15.4721,47704,48240
15.473,48240,48776
15.4871,48776,49312
15.4881,49312,49848
15.489,49848,50384
15.5031,50384,50920
15.5041,50920,51456
15.505,51456,51992
15.5191,51992,52528
15.5201,52528,53064
15.521,53064,53600
15.5351,53600,54136
15.5361,54136,54672
15.537,54672,55208
15.5511,55208,55744
15.5521,55744,56280
15.553,56280,56816
15.5671,56816,57352
15.5681,57352,57888
15.569,57888,58424
15.5831,58424,58960
15.5841,58960,59496
15.585,59496,60032
15.5991,60032,60568
15.6001,60568,61104
15.601,61104,61640
15.6151,61640,62176
15.6161,62176,62712
15.617,62712,63248
15.6311,63248,63784
15.6321,63784,64320
15.633,64320,64856
15.6471,64856,65392
15.6481,65392,65928
15.649,65928,66464
15.6631,66464,67000
15.6641,67000,67536
15.665,67536,68072
15.6791,68072,68608
15.6801,68608,69144
15.681,69144,69680
15.6951,69680,70216
15.6961,70216,70752
15.697,70752,71288
15.7111,71288,71824
15.7121,71824,72360
15.713,72360,72896
15.7271,72896,73432
15.7281,73432,73968
15.729,73968,74504
15.7431,74504,75040
15.7441,75040,75576
15.745,75576,76112
15.7591,76112,76648
15.7601,76648,77184
15.761,77184,77720
15.7751,77720,78256
15.7761,78256,78792
15.777,78792,79328
15.7911,79328,79864
15.7921,79864,80400
15.793,80400,80936
15.8071,80936,81472
15.8081,81472,82008
15.809,82008,82544
15.8231,82544,83080
15.8241,83080,83616
15.825,83616,84152
15.8391,84152,84688
15.8401,84688,85224
15.841,85224,85760
15.8551,85760,86296
15.8561,86296,86832
15.857,86832,87368
15.8711,87368,87904
15.8721,87904,88440
15.873,88440,88976
15.8871,88976,89512
15.8881,89512,90048
15.889,90048,90584
15.9031,90584,91120
15.9041,91120,91656
15.905,91656,92192
15.9191,92192,92728
15.9201,92728,93264
15.921,93264,93800
15.9351,93800,94336
15.9361,94336,94872
15.937,94872,95408
15.9511,95408,95944
15.9521,95944,96480
15.953,96480,97016
15.9671,97016,97552
15.9681,97552,98088
15.969,98088,98624
15.9831,98624,99160
15.9841,99160,99696
15.985,99696,100232
15.9991,100232,100768
16.0001,100768,101304
16.001,101304,101840
16.0151,101840,102376
16.0161,102376,102912
16.017,102912,103448
16.0311,103448,103984
16.0321,103984,104520
16.033,104520,105056
16.0471,105056,105592
16.0481,105592,106128
16.049,106128,106664
16.0631,106664,107200
16.0641,107200,107736
16.065,107736,108272
16.0791,108272,108808
16.0801,108808,109344
16.081,109344,109880
16.0951,109880,110416
16.0961,110416,110952
16.097,110952,111488
16.1111,111488,112024
16.1121,112024,112560
16.113,112560,113096
16.1271,113096,113632
16.1281,113632,114168
16.129,114168,114704
16.1431,114704,115240
16.1441,115240,115776
16.145,115776,116312
16.1591,116312,116848
16.1601,116848,117384
16.161,117384,117920
16.1751,117920,118456
16.1761,118456,118992
16.177,118992,119528
16.1911,119528,120064
16.1921,120064,120600
16.193,120600,121136
16.2071,121136,121672
16.2081,121672,122208
16.209,122208,122744
16.2231,122744,123280
16.2241,123280,123816
16.225,123816,124352
16.2391,124352,124888
16.2401,124888,125424
16.241,125424,125960
16.2551,125960,126496
16.2561,126496,127032
16.257,127032,127568
16.2711,127568,128104
16.2721,128104,128640
16.273,128640,129176
16.2871,129176,129712
16.2881,129712,130248
16.289,130248,130784
16.3031,130784,131320
16.3041,131320,131856
16.305,131856,132392
16.3191,132392,132928
16.3201,132928,133464
16.321,133464,134000
16.3351,134000,134536
16.3361,134536,135072
16.337,135072,135608
16.3511,135608,136144
16.3521,136144,136680
16.353,136680,137216
16.3671,137216,137752
16.3681,137752,138288
16.369,138288,138824
16.3831,138824,139360
16.3841,139360,139896
16.385,139896,140432
16.3991,140432,140968
16.4001,140968,141504
16.401,141504,142040
16.4151,142040,142576
16.4161,142576,143112
16.417,143112,143648
16.4311,143648,144184
16.4321,144184,144720
16.433,144720,145256
16.4471,145256,145792
16.4481,145792,146328
16.449,146328,146864
16.4631,146864,147400
16.4641,147400,147936
16.465,147936,148472
16.4791,148472,149008
16.4801,149008,149544
16.481,149544,150080
16.4951,150080,150616
16.4961,150616,151152
16.497,151152,151688
16.5111,151688,152224
16.5121,152224,152760
16.513,152760,153296
16.5271,153296,153832
16.5281,153832,154368
16.529,154368,154904
16.5431,154904,155440
16.5441,155440,155976
16.545,155976,156512
16.5591,156512,157048
16.5601,157048,157584
16.561,157584,158120
16.5751,158120,158656
16.5761,158656,159192
16.577,159192,159728
16.5911,159728,160264
16.5921,160264,160800
16.593,160800,161336
16.6071,161336,161872
16.6081,161872,162408
16.609,162408,162944
16.6231,162944,163480
16.6241,163480,164016
16.625,164016,164552
16.6391,164552,165088
16.6401,165088,165624
16.641,165624,166160
16.6551,166160,166696
16.6561,166696,167232
16.657,167232,167768
16.6711,167768,168304
16.6721,168304,168840
16.673,168840,169376
16.6871,169376,169912
16.6881,169912,170448
16.689,170448,170984
16.7031,170984,171520
16.7041,171520,172056
16.705,172056,172592
16.7191,172592,173128
16.7201,173128,173664
16.721,173664,174200
16.7351,174200,174736
16.7361,174736,175272
16.737,175272,175808
16.7511,175808,176344
16.7521,176344,176880
16.753,176880,177416
16.7671,177416,177952
16.7681,177952,178488
16.769,178488,179024
16.7831,179024,179560
16.7841,179560,180096
16.785,180096,180632
16.7991,180632,181168
16.8001,181168,181704
16.801,181704,182240
16.8151,182240,182776
16.8161,182776,183312
16.817,183312,183848
16.8311,183848,184384
16.8321,184384,184920
16.833,184920,185456
16.8471,185456,185992
16.8481,185992,186528
16.849,186528,187064
16.8631,187064,187600
16.8641,187600,188136
16.865,188136,188672
16.8791,188672,189208
16.8801,189208,189744
16.881,189744,190280
16.8951,190280,190816
16.8961,190816,191352
16.897,191352,191888
16.9111,191888,192424
16.9121,192424,192960
16.913,192960,193496
16.9271,193496,194032
16.9281,194032,194568
16.929,194568,195104
16.9431,195104,195640
16.9441,195640,196176
16.945,196176,196712
16.9591,196712,197248
16.9601,197248,197784
16.961,197784,198320
16.9751,198320,198856
16.9761,198856,199392
16.977,199392,199928
16.9911,199928,200464
16.9921,200464,201000
16.993,201000,201536
17.0071,201536,202072
17.0081,202072,202608
17.009,202608,203144
17.0231,203144,203680
17.0241,203680,204216
17.025,204216,204752
17.0391,204752,205288
17.0401,205288,205824
17.041,205824,206360
17.0551,206360,206896
17.0561,206896,207432
17.057,207432,207968
17.0711,207968,208504
17.0721,208504,209040
17.073,209040,209576
17.0871,209576,210112
17.0881,210112,210648
17.089,210648,211184
17.1031,211184,211720
17.1041,211720,212256
17.105,212256,212792
17.1191,212792,213328
17.1201,213328,213864
17.121,213864,214400
17.1351,214400,214936
17.1361,214936,215472
17.137,215472,216008
17.1511,216008,216544
17.1521,216544,217080
17.153,217080,217616
17.1671,217616,218152
17.1681,218152,218688
17.169,218688,219224
17.1831,219224,219760
17.1841,219760,220296
17.185,220296,220832
17.1991,220832,221368
17.2001,221368,221904
17.201,221904,222440
17.2151,222440,222976
17.2161,222976,223512
17.217,223512,224048
17.2311,224048,224584
17.2321,224584,225120
17.233,225120,225656
17.2471,225656,226192
17.2481,226192,226728
17.249,226728,227264
17.2631,227264,227800
17.2641,227800,228336
17.265,228336,228872
17.2791,228872,229408
17.2801,229408,229944
17.281,229944,230480
17.2951,230480,231016
17.2961,231016,231552
17.297,231552,232088
17.3111,232088,232624
17.3121,232624,233160
17.313,233160,233696
17.3271,233696,234232
17.3281,234232,234768
17.329,234768,235304
17.3431,235304,235840
17.3441,235840,236376
17.345,236376,236912
17.3591,236912,237448
17.3601,237448,237984
17.361,237984,238520
17.3751,238520,239056
17.3761,239056,239592
17.377,239592,240128
17.3911,240128,240664
17.3921,240664,241200
17.393,241200,241736
17.4071,241736,242272
17.4081,242272,242808
17.409,242808,243344
17.4231,243344,243880
17.4241,243880,244416
17.425,244416,244952
17.4391,244952,245488
17.4401,245488,246024
17.441,246024,246560
17.4551,246560,247096
17.4561,247096,247632
17.457,247632,248168
17.4711,248168,248704
17.4721,248704,249240
17.473,249240,249776
17.4871,249776,250312
17.4881,250312,250848
17.489,250848,251384
17.5031,251384,251920
17.5041,251920,252456
17.505,252456,252992
17.5191,252992,253528
17.5201,253528,254064
17.521,254064,254600
17.5351,254600,255136
17.5361,255136,255672
17.537,255672,256208
17.5511,256208,256744
17.5521,256744,257280
17.553,257280,257816
17.5671,257816,258352
17.5681,258352,258888
17.569,258888,259424
17.5831,259424,259960
17.5841,259960,260496
17.585,260496,261032
17.5991,261032,261568
17.6001,261568,262104
17.601,262104,262640
17.6151,262640,263176
17.6161,263176,263712
17.617,263712,264248
17.6311,264248,264784
17.6321,264784,265320
17.633,265320,265856
17.6471,265856,266392
17.6481,266392,266928
17.649,266928,267464
17.6631,267464,268000
17.6641,268000,268536
17.665,268536,269072
17.6791,269072,269608
17.6801,269608,270144
17.681,270144,270680
17.6951,270680,271216
17.6961,271216,271752
17.697,271752,272288
17.7111,272288,272824
17.7121,272824,273360
17.713,273360,273896
17.7271,273896,274432
17.7281,274432,274968
17.729,274968,275504
17.7431,275504,276040
17.7441,276040,276576
17.745,276576,277112
17.7591,277112,277648
17.7601,277648,278184
17.761,278184,278720
17.7751,278720,279256
17.7761,279256,279792
17.777,279792,280328
17.7911,280328,280864
17.7921,280864,281400
17.793,281400,281936
17.8071,281936,282472
17.8081,282472,283008
17.809,283008,283544
17.8231,283544,284080
17.8241,284080,284616
17.825,284616,285152
17.8391,285152,285688
17.8401,285688,286224
17.841,286224,286760
17.8551,286760,287296
17.8561,287296,287832
17.857,287832,288368
17.8711,288368,288904
17.8721,288904,289440
17.873,289440,289976
17.8871,289976,290512
17.8881,290512,291048
17.889,291048,291584
17.9031,291584,292120
17.9041,292120,292656
17.905,292656,293192
17.9191,293192,293728
17.9201,293728,294264
17.921,294264,294800
17.9351,294800,295336
17.9361,295336,295872
17.937,295872,296408
17.9511,296408,296944
17.9521,296944,297480
17.953,297480,298016
17.9671,298016,298552
17.9681,298552,299088
17.969,299088,299624
17.9831,299624,300160
17.9841,300160,300696
17.985,300696,301232
17.9991,301232,301768
18.0001,301768,302304
18.001,302304,302840
18.0151,302840,303376
18.0161,303376,303912
18.017,303912,304448
18.0311,304448,304984
18.0321,304984,305520
18.033,305520,306056
18.0471,306056,306592
18.0481,306592,307128
18.049,307128,307664
18.0631,307664,308200
18.0641,308200,308736
18.065,308736,309272
18.0791,309272,309808
18.0801,309808,310344
18.081,310344,310880
18.0951,310880,311416
18.0961,311416,311952
18.097,311952,312488
18.1111,312488,313024
18.1121,313024,313560
18.113,313560,314096
18.1271,314096,314632
18.1281,314632,315168
18.129,315168,315704
18.1431,315704,316240
18.1441,316240,316776
18.145,316776,317312
18.1591,317312,317848
18.1601,317848,318384
18.161,318384,318920
18.1751,318920,319456
18.1761,319456,319992
18.177,319992,320528
18.1911,320528,321064
18.1921,321064,321600
18.193,321600,322136
18.2071,322136,322672
18.2081,322672,323208
18.209,323208,323744
18.2231,323744,324280
18.2241,324280,324816
18.225,324816,325352
18.2391,325352,325888
18.2401,325888,326424
18.241,326424,326960
18.2551,326960,327496
18.2561,327496,328032
18.257,328032,328568
18.2711,328568,329104
18.2721,329104,329640
18.273,329640,330176
18.2871,330176,330712
18.2881,330712,331248
18.289,331248,331784
18.3031,331784,332320
18.3041,332320,332856
18.305,332856,333392
18.3191,333392,333928
18.3201,333928,334464
18.321,334464,335000
18.3351,335000,335536
18.3361,335536,336072
18.337,336072,336608
18.3511,336608,337144
18.3521,337144,337680
18.353,337680,338216
18.3671,338216,338752
18.3681,338752,339288
18.369,339288,339824
18.3831,339824,340360
18.3841,340360,340896
18.385,340896,341432
18.3991,341432,341968
18.4001,341968,342504
18.401,342504,343040
18.4151,343040,343576
18.4161,343576,344112
18.417,344112,344648
18.4311,344648,345184
18.4321,345184,345720
18.433,345720,346256
18.4471,346256,346792
18.4481,346792,347328
18.449,347328,347864
18.4631,347864,348400
18.4641,348400,348936
18.465,348936,349472
18.4791,349472,350008
18.4801,350008,350544
18.481,350544,351080
18.4951,351080,351616
18.4961,351616,352152
18.497,352152,352688
18.5111,352688,353224
18.5121,353224,353760
18.513,353760,354296
18.5271,354296,354832
18.5281,354832,355368
18.529,355368,355904
18.5431,355904,356440
18.5441,356440,356976
18.545,356976,357512
18.5591,357512,358048
18.5601,358048,358584
18.561,358584,359120
18.5751,359120,359656
18.5761,359656,360192
18.577,360192,360728
18.5911,360728,361264
18.5921,361264,361800
18.593,361800,362336
18.6071,362336,362872
18.6081,362872,363408
18.609,363408,363944
18.6231,363944,364480
18.6241,364480,365016
18.625,365016,365552
18.6391,365552,366088
18.6401,366088,366624
18.641,366624,367160
18.6551,367160,367696
18.6561,367696,368232
18.657,368232,368768
18.6711,368768,369304
18.6721,369304,369840
18.673,369840,370376
18.6871,370376,370912
18.6881,370912,371448
18.689,371448,371984
18.7031,371984,372520
18.7041,372520,373056
18.705,373056,373592
18.7191,373592,374128
18.7201,374128,374664
18.721,374664,375200
18.7351,375200,375736
18.7361,375736,376272
18.737,376272,376808
18.7511,376808,377344
18.7521,377344,377880
18.753,377880,378416
18.7671,378416,378952
18.7681,378952,379488
18.769,379488,380024
18.7831,380024,380560
18.7841,380560,381096
18.785,381096,381632
18.7991,381632,382168
18.8001,382168,382704
18.801,382704,383240
18.8151,383240,383776
18.8161,383776,384312
18.817,384312,384848
18.8311,384848,385384
18.8321,385384,385920
18.833,385920,386456
18.8471,386456,386992
18.8481,386992,387528
18.849,387528,388064
18.8631,388064,388600
18.8641,388600,389136
18.865,389136,389672
18.8791,389672,390208
18.8801,390208,390744
18.881,390744,391280
18.8951,391280,391816
18.8961,391816,392352
18.897,392352,392888
18.9111,392888,393424
18.9121,393424,393960
18.913,393960,394496
18.9271,394496,395032
18.9281,395032,395568
18.929,395568,396104
18.9431,396104,396640
18.9441,396640,397176
18.945,397176,397712
18.9591,397712,398248
18.9601,398248,398784
18.961,398784,399320
18.9751,399320,399856
18.9761,399856,400392
18.977,400392,400928
18.9911,400928,401464
18.9921,401464,402000
18.993,402000,402536
19.0071,402536,403072
19.0081,403072,403608
19.009,403608,404144
19.0231,404144,404680
19.0241,404680,405216
19.025,405216,405752
19.0391,405752,406288
19.0401,406288,406824
19.041,406824,407360
19.0551,407360,407896
19.0561,407896,408432
19.057,408432,408968
19.0711,408968,409504
19.0721,409504,410040
19.073,410040,410576
19.0871,410576,411112
19.0881,411112,411648
19.089,411648,412184
19.1031,412184,412720
19.1041,412720,413256
19.105,413256,413792
19.1191,413792,414328
19.1201,414328,414864
19.121,414864,415400
19.1351,415400,415936
19.1361,415936,416472
19.137,416472,417008
19.1511,417008,417544
19.1521,417544,418080
19.153,418080,418616
19.1671,418616,419152
19.1681,419152,419688
19.169,419688,420224
19.1831,420224,420760
19.1841,420760,421296
19.185,421296,421832
19.1991,421832,422368
19.2001,422368,422904
19.201,422904,423440
19.2151,423440,423976
19.2161,423976,424512
19.217,424512,425048
19.2311,425048,425584
19.2321,425584,426120
19.233,426120,426656
19.2471,426656,427192
19.2481,427192,427728
19.249,427728,428264
19.2631,428264,428800
19.2641,428800,429336
19.265,429336,429872
19.2791,429872,430408
19.2801,430408,430944
19.281,430944,431480
19.2951,431480,432016
19.2961,432016,432552
19.297,432552,433088
19.3111,433088,433624
19.3121,433624,434160
19.313,434160,434696
19.3271,434696,435232
19.3281,435232,435768
19.329,435768,436304
19.3431,436304,436840
19.3441,436840,437376
19.345,437376,437912
19.3591,437912,438448
19.3601,438448,438984
19.361,438984,439520
19.3751,439520,440056
19.3761,440056,440592
19.377,440592,441128
19.3911,441128,441664
19.3921,441664,442200
19.393,442200,442736
19.4071,442736,443272
19.4081,443272,443808
19.409,443808,444344
19.4231,444344,444880
19.4241,444880,445416
19.425,445416,445952
19.4391,445952,446488
19.4401,446488,447024
19.441,447024,447560
19.4551,447560,448096
19.4561,448096,448632
19.457,448632,449168
19.4711,449168,449704
19.4721,449704,450240
19.473,450240,450776
19.4871,450776,451312
19.4881,451312,451848
19.489,451848,452384
19.5031,452384,452920
19.5041,452920,453456
19.505,453456,453992
19.5191,453992,454528
19.5201,454528,455064
19.521,455064,455600
19.5351,455600,456136
19.5361,456136,456672
19.537,456672,457208
19.5511,457208,457744
19.5521,457744,458280
19.553,458280,458816
19.5671,458816,459352
19.5681,459352,459888
19.569,459888,460424
19.5831,460424,460960
19.5841,460960,461496
19.585,461496,462032
19.5991,462032,462568
19.6001,462568,463104
19.601,463104,463640
19.6151,463640,464176
19.6161,464176,464712
19.617,464712,465248
19.6311,465248,465784
19.6321,465784,466320
19.633,466320,466856
19.6471,466856,467392
19.6481,467392,467928
19.649,467928,468464
19.6631,468464,469000
19.6641,469000,469536
19.665,469536,470072
19.6791,470072,470608
19.6801,470608,471144
19.681,471144,471680
19.6951,471680,472216
19.6961,472216,472752
19.697,472752,473288
19.7111,473288,473824
19.7121,473824,474360
19.713,474360,474896
19.7271,474896,475432
19.7281,475432,475968
19.729,475968,476504
19.7431,476504,477040
19.7441,477040,477576
19.745,477576,478112
19.7591,478112,478648
19.7601,478648,479184
19.761,479184,479720
19.7751,479720,480256
19.7761,480256,480792
19.777,480792,481328
19.7911,481328,481864
19.7921,481864,482400
19.793,482400,482936
19.8071,482936,483472
19.8081,483472,484008
19.809,484008,484544
19.8231,484544,485080
19.8241,485080,485616
19.825,485616,486152
19.8391,486152,486688
19.8401,486688,487224
19.841,487224,487760
19.8551,487760,488296
19.8561,488296,488832
19.857,488832,489368
19.8711,489368,489904
19.8721,489904,490440
19.873,490440,490976
19.8871,490976,491512
19.8881,491512,492048
19.889,492048,492584
19.9031,492584,493120
19.9041,493120,493656
19.905,493656,494192
19.9191,494192,494728
19.9201,494728,495264
19.921,495264,495800
19.9351,495800,496336
19.9361,496336,496872
19.937,496872,497408
19.9511,497408,497944
19.9521,497944,498480
19.953,498480,499016
19.9671,499016,499552
19.9681,499552,500088
19.969,500088,500624
19.9831,500624,501160
19.9841,501160,501696
19.985,501696,502232
19.9991,502232,502768
20.0001,502768,503304
20.001,503304,503840
20.0151,503840,504376
20.0161,504376,504912
20.017,504912,505448
20.0311,505448,505984
20.0321,505984,506520
20.033,506520,507056
20.0471,507056,507592
20.0481,507592,508128
20.049,508128,508664
20.0631,508664,509200
20.0641,509200,509736
20.065,509736,510272
20.0791,510272,510808
20.0801,510808,511344
20.081,511344,511880
20.0951,511880,512416
20.0961,512416,512952
20.097,512952,513488
20.1111,513488,514024
20.1121,514024,514560
20.113,514560,515096
20.1271,515096,515632
20.1281,515632,516168
20.129,516168,516704
20.1431,516704,517240
20.1441,517240,517776
20.145,517776,518312
20.1591,518312,518848
20.1601,518848,519384
20.161,519384,519920
20.1751,519920,520456
20.1761,520456,520992
20.177,520992,521528
20.1911,521528,522064
20.1921,522064,522600
20.193,522600,523136
20.2071,523136,523672
20.2081,523672,524208
20.209,524208,524744
20.2231,524744,525280
20.2241,525280,525816
20.225,525816,526352
20.2391,526352,526888
20.2401,526888,527424
20.241,527424,527960
20.2551,527960,528496
20.2561,528496,529032
20.257,529032,529568
20.2711,529568,530104
20.2721,530104,530640
20.273,530640,531176
20.2871,531176,531712
20.2881,531712,532248
20.289,532248,532784
20.3031,532784,533320
20.3041,533320,533856
20.305,533856,534392
20.3191,534392,534928
20.3201,534928,535464
20.321,535464,536000
20.3351,536000,536536
20.3361,536536,537072
20.337,537072,537608
20.3511,537608,538144
20.3521,538144,538680
20.353,538680,539216
20.3671,539216,539752
20.3681,539752,540288
20.369,540288,540824
20.3831,540824,541360
20.3841,541360,541896
20.385,541896,542432
20.3991,542432,542968
20.4001,542968,543504
20.401,543504,544040
20.4151,544040,544576
20.4161,544576,545112
20.417,545112,545648
20.4311,545648,546184
20.4321,546184,546720
20.433,546720,547256
20.4471,547256,547792
20.4481,547792,548328
20.449,548328,548864
20.4631,548864,549400
20.4641,549400,549936
20.465,549936,550472
20.4791,550472,551008
20.4801,551008,551544
20.481,551544,552080
20.4951,552080,552616
20.4961,552616,553152
20.497,553152,553688
20.5111,553688,554224
20.5121,554224,554760
20.513,554760,555296
20.5271,555296,555832
20.5281,555832,556368
20.529,556368,556904
20.5431,556904,557440
20.5441,557440,557976
20.545,557976,558512
20.5591,558512,559048
20.5601,559048,559584
20.561,559584,560120
20.5751,560120,560656
20.5761,560656,561192
20.577,561192,561728
20.5911,561728,562264
20.5921,562264,562800
20.593,562800,563336
20.6071,563336,563872
20.6081,563872,564408
20.609,564408,564944
20.6231,564944,565480
20.6241,565480,566016
20.625,566016,566552
20.6391,566552,567088
20.6401,567088,567624
20.641,567624,568160
20.6551,568160,568696
20.6561,568696,569232
20.657,569232,569768
20.6711,569768,570304
20.6721,570304,570840
20.673,570840,571376
20.6871,571376,571912
20.6881,571912,572448
20.689,572448,572984
20.7031,572984,573520
20.7041,573520,574056
20.705,574056,574592
20.7191,574592,575128
20.7201,575128,575664
20.721,575664,576200
20.7351,576200,576736
20.7361,576736,577272
20.737,577272,577808
20.7511,577808,578344
20.7521,578344,578880
20.753,578880,579416
20.7671,579416,579952
20.7681,579952,580488
20.769,580488,581024
20.7831,581024,581560
20.7841,581560,582096
20.785,582096,582632
20.7991,582632,583168
20.8001,583168,583704
20.801,583704,584240
20.8151,584240,584776
20.8161,584776,585312
20.817,585312,585848
20.8311,585848,586384
20.8321,586384,586920
20.833,586920,587456
20.8471,587456,587992
20.8481,587992,588528
20.849,588528,589064
20.8631,589064,589600
20.8641,589600,590136
20.865,590136,590672
20.8791,590672,591208
20.8801,591208,591744
20.881,591744,592280
20.8951,592280,592816
20.8961,592816,593352
20.897,593352,593888
20.9111,593888,594424
20.9121,594424,594960
20.913,594960,595496
20.9271,595496,596032
20.9281,596032,596568
20.929,596568,597104
20.9431,597104,597640
20.9441,597640,598176
20.945,598176,598712
20.9591,598712,599248
20.9601,599248,599784
20.961,599784,600320
20.9751,600320,600856
20.9761,600856,601392
20.977,601392,601928
20.9911,601928,602464
20.9921,602464,603000
20.993,603000,603536
21.0071,603536,604072
21.0081,604072,604608
21.009,604608,605144
21.0231,605144,605680
21.0241,605680,606216
21.025,606216,606752
21.0391,606752,607288
21.0401,607288,607824
21.041,607824,608360
21.0551,608360,608896
21.0561,608896,609432
21.057,609432,609968
21.0711,609968,610504
21.0721,610504,611040
21.073,611040,611576
21.0871,611576,612112
21.0881,612112,612648
21.089,612648,613184
21.1031,613184,613720
21.1041,613720,614256
21.105,614256,614792
21.1191,614792,615328
21.1201,615328,615864
21.121,615864,616400
21.1351,616400,616936
21.1361,616936,617472
21.137,617472,618008
21.1511,618008,618544
21.1521,618544,619080
21.153,619080,619616
21.1671,619616,620152
21.1681,620152,620688
21.169,620688,621224
21.1831,621224,621760
21.1841,621760,622296
21.185,622296,622832
21.1991,622832,623368
21.2001,623368,623904
21.201,623904,624440
21.2151,624440,624976
21.2161,624976,625512
21.217,625512,626048
21.2311,626048,626584
21.2321,626584,627120
21.233,627120,627656
21.2471,627656,628192
21.2481,628192,628728
21.249,628728,629264
21.2631,629264,629800
21.2641,629800,630336
21.265,630336,630872
21.2791,630872,631408
21.2801,631408,631944
21.281,631944,632480
21.2951,632480,633016
21.2961,633016,633552
21.297,633552,634088
21.3111,634088,634624
21.3121,634624,635160
21.313,635160,635696
21.3271,635696,636232
21.3281,636232,636768
21.329,636768,637304
21.3431,637304,637840
21.3441,637840,638376
21.345,638376,638912
21.3591,638912,639448
21.3601,639448,639984
21.361,639984,640520
21.3751,640520,641056
21.3761,641056,641592
21.377,641592,642128
21.3911,642128,642664
21.3921,642664,643200
21.393,643200,643736
21.4071,643736,644272
21.4081,644272,644808
21.409,644808,645344
21.4231,645344,645880
21.4241,645880,646416
21.425,646416,646952
21.4391,646952,647488
21.4401,647488,648024
21.441,648024,648560
21.4551,648560,649096
21.4561,649096,649632
21.457,649632,650168
21.4711,650168,650704
21.4721,650704,651240
21.473,651240,651776
21.4871,651776,652312
21.4881,652312,652848
21.489,652848,653384
21.5031,653384,653920
21.5041,653920,654456
21.505,654456,654992
21.5191,654992,655528
21.5201,655528,656064
21.521,656064,656600
21.5351,656600,657136
21.5361,657136,657672
21.537,657672,658208
21.5511,658208,658744
21.5521,658744,659280
21.553,659280,659816
21.5671,659816,660352
21.5681,660352,660888
21.569,660888,661424
21.5831,661424,661960
21.5841,661960,662496
21.585,662496,663032
21.5991,663032,663568
21.6001,663568,664104
21.601,664104,664640
21.6151,664640,665176
21.6161,665176,665712
21.617,665712,666248
21.6311,666248,666784
21.6321,666784,667320
21.633,667320,667856
21.6471,667856,668392
21.6481,668392,668928
21.649,668928,669464
21.6631,669464,670000
21.6641,670000,670536
21.665,670536,671072
21.6791,671072,671608
21.6801,671608,672144
21.681,672144,672680
21.6951,672680,673216
21.6961,673216,673752
21.697,673752,674288
21.7111,674288,674824
21.7121,674824,675360
21.713,675360,675896
21.7271,675896,676432
21.7281,676432,676968
21.729,676968,677504
21.7431,677504,678040
21.7441,678040,678576
21.745,678576,679112
21.7591,679112,679648
21.7601,679648,680184
21.761,680184,680720
21.7751,680720,681256
21.7761,681256,681792
21.777,681792,682328
21.7911,682328,682864
21.7921,682864,683400
21.793,683400,683936
21.8071,683936,684472
21.8081,684472,685008
21.809,685008,685544
21.8231,685544,686080
21.8241,686080,686616
21.825,686616,687152
21.8391,687152,687688
21.8401,687688,688224
21.841,688224,688760
21.8551,688760,689296
21.8561,689296,689832
21.857,689832,690368
21.8711,690368,690904
21.8721,690904,691440
21.873,691440,691976
21.8871,691976,692512
21.8881,692512,693048
21.889,693048,693584
21.9031,693584,694120
21.9041,694120,694656
21.905,694656,695192
21.9191,695192,695728
21.9201,695728,696264
21.921,696264,696800
21.9351,696800,697336
21.9361,697336,697872
21.937,697872,698408
21.9511,698408,698944
21.9521,698944,699480
21.953,699480,700016
21.9671,700016,700552
21.9681,700552,701088
21.969,701088,701624
21.9831,701624,702160
21.9841,702160,702696
21.985,702696,703232
21.9991,703232,703768
22.0001,703768,704304
22.001,704304,704840
22.0151,704840,705376
22.0161,705376,705912
22.017,705912,706448
22.0311,706448,706984
22.0321,706984,707520
22.033,707520,708056
22.0471,708056,708592
22.0481,708592,709128
22.049,709128,709664
22.0631,709664,710200
22.0641,710200,710736
22.065,710736,711272
22.0791,711272,711808
22.0801,711808,712344
22.081,712344,712880
22.0951,712880,713416
22.0961,713416,713952
22.097,713952,714488
22.1111,714488,715024
22.1121,715024,715560
22.113,715560,716096
22.1271,716096,716632
22.1281,716632,717168
22.129,717168,717704
22.1431,717704,718240
22.1441,718240,718776
22.145,718776,719312
22.1591,719312,719848
22.1601,719848,720384
22.161,720384,720920
22.1751,720920,721456
22.1761,721456,721992
22.177,721992,722528
22.1911,722528,723064
22.1921,723064,723600
22.193,723600,724136
22.2071,724136,724672
22.2081,724672,725208
22.209,725208,725744
22.2231,725744,726280
22.2241,726280,726816
22.225,726816,727352
22.2391,727352,727888
22.2401,727888,728424
22.241,728424,728960
22.2551,728960,729496
22.2561,729496,730032
22.257,730032,730568
22.2711,730568,731104
22.2721,731104,731640
22.273,731640,732176
22.2871,732176,732712
22.2881,732712,733248
22.289,733248,733784
22.3031,733784,734320
22.3041,734320,734856
22.305,734856,735392
22.3191,735392,735928
22.3201,735928,736464
22.321,736464,737000
22.3351,737000,737536
22.3361,737536,738072
22.337,738072,738608
22.3511,738608,739144
22.3521,739144,739680
22.353,739680,740216
22.3671,740216,740752
22.3681,740752,741288
22.369,741288,741824
22.3831,741824,742360
22.3841,742360,742896
22.385,742896,743432
22.3991,743432,743968
22.4001,743968,744504
22.401,744504,745040
22.4151,745040,745576
22.4161,745576,746112
22.417,746112,746648
22.4311,746648,747184
22.4321,747184,747720
22.433,747720,748256
22.4471,748256,748792
22.4481,748792,749328
22.449,749328,749864
22.4631,749864,750400
22.4641,750400,750936
22.465,750936,751472
22.4791,751472,752008
22.4801,752008,752544
22.481,752544,753080
22.4951,753080,753616
22.4961,753616,754152
22.497,754152,754688
22.5111,754688,755224
22.5121,755224,755760
22.513,755760,756296
22.5271,756296,756832
22.5281,756832,757368
22.529,757368,757904
22.5431,757904,758440
22.5441,758440,758976
22.545,758976,759512
22.5591,759512,760048
22.5601,760048,760584
22.561,760584,761120
22.5751,761120,761656
22.5761,761656,762192
22.577,762192,762728
22.5911,762728,763264
22.5921,763264,763800
22.593,763800,764336
22.6071,764336,764872
22.6081,764872,765408
22.609,765408,765944
22.6231,765944,766480
22.6241,766480,767016
22.625,767016,767552
22.6391,767552,768088
22.6401,768088,768624
22.641,768624,769160
22.6551,769160,769696
22.6561,769696,770232
22.657,770232,770768
22.6711,770768,771304
22.6721,771304,771840
22.673,771840,772376
22.6871,772376,772912
22.6881,772912,773448
22.689,773448,773984
22.7031,773984,774520
22.7041,774520,775056
22.705,775056,775592
22.7191,775592,776128
22.7201,776128,776664
22.721,776664,777200
22.7351,777200,777736
22.7361,777736,778272
22.737,778272,778808
22.7511,778808,779344
22.7521,779344,779880
22.753,779880,780416
22.7671,780416,780952
22.7681,780952,781488
22.769,781488,782024
22.7831,782024,782560
22.7841,782560,783096
22.785,783096,783632
22.7991,783632,784168
22.8001,784168,784704
22.801,784704,785240
22.8151,785240,785776
22.8161,785776,786312
22.817,786312,786848
22.8311,786848,787384
22.8321,787384,787920
22.833,787920,788456
22.8471,788456,788992
22.8481,788992,789528
22.849,789528,790064
22.8631,790064,790600
22.8641,790600,791136
22.865,791136,791672
22.8791,791672,792208
22.8801,792208,792744
22.881,792744,793280
22.8951,793280,793816
22.8961,793816,794352
22.897,794352,794888
22.9111,794888,795424
22.9121,795424,795960
22.913,795960,796496
22.9271,796496,797032
22.9281,797032,797568
22.929,797568,798104
22.9431,798104,798640
22.9441,798640,799176
22.945,799176,799712
22.9591,799712,800248
22.9601,800248,800784
22.961,800784,801320
22.9751,801320,801856
22.9761,801856,802392
22.977,802392,802928
22.9911,802928,803464
22.9921,803464,804000
22.993,804000,804536
23.0071,804536,805072
23.0081,805072,805608
23.009,805608,806144
23.0231,806144,806680
23.0241,806680,807216
23.025,807216,807752
23.0391,807752,808288
23.0401,808288,808824
23.041,808824,809360
23.0551,809360,809896
23.0561,809896,810432
23.057,810432,810968
23.0711,810968,811504
23.0721,811504,812040
23.073,812040,812576
23.0871,812576,813112
23.0881,813112,813648
23.089,813648,814184
23.1031,814184,814720
23.1041,814720,815256
23.105,815256,815792
23.1191,815792,816328
23.1201,816328,816864
23.121,816864,817400
23.1351,817400,817936
23.1361,817936,818472
23.137,818472,819008
23.1511,819008,819544
23.1521,819544,820080
23.153,820080,820616
23.1671,820616,821152
23.1681,821152,821688
23.169,821688,822224
23.1831,822224,822760
23.1841,822760,823296
23.185,823296,823832
23.1991,823832,824368
23.2001,824368,824904
23.201,824904,825440
23.2151,825440,825976
23.2161,825976,826512
23.217,826512,827048
23.2311,827048,827584
23.2321,827584,828120
23.233,828120,828656
23.2471,828656,829192
23.2481,829192,829728
23.249,829728,830264
23.2631,830264,830800
23.2641,830800,831336
23.265,831336,831872
23.2791,831872,832408
23.2801,832408,832944
23.281,832944,833480
23.2951,833480,834016
23.2961,834016,834552
23.297,834552,835088
23.3111,835088,835624
23.3121,835624,836160
23.313,836160,836696
23.3271,836696,837232
23.3281,837232,837768
23.329,837768,838304
23.3431,838304,838840
23.3441,838840,839376
23.345,839376,839912
23.3591,839912,840448
23.3601,840448,840984
23.361,840984,841520
23.3751,841520,842056
23.3761,842056,842592
23.377,842592,843128
23.3911,843128,843664
23.3921,843664,844200
23.393,844200,844736
23.4071,844736,845272
23.4081,845272,845808
23.409,845808,846344
23.4231,846344,846880
23.4241,846880,847416
23.425,847416,847952
23.4391,847952,848488
23.4401,848488,849024
23.441,849024,849560
23.4551,849560,850096
23.4561,850096,850632
23.457,850632,851168
23.4711,851168,851704
23.4721,851704,852240
23.473,852240,852776
23.4871,852776,853312
23.4881,853312,853848
23.489,853848,854384
23.5031,854384,854920
23.5041,854920,855456
23.505,855456,855992
23.5191,855992,856528
23.5201,856528,857064
23.521,857064,857600
23.5351,857600,858136
23.5361,858136,858672
23.537,858672,859208
23.5511,859208,859744
23.5521,859744,860280
23.553,860280,860816
23.5671,860816,861352
23.5681,861352,861888
23.569,861888,862424
23.5831,862424,862960
23.5841,862960,863496
23.585,863496,864032
23.5991,864032,864568
23.6001,864568,865104
23.601,865104,865640
23.6151,865640,866176
23.6161,866176,866712
23.617,866712,867248
23.6311,867248,867784
23.6321,867784,868320
23.633,868320,868856
23.6471,868856,869392
23.6481,869392,869928
23.649,869928,870464
23.6631,870464,871000
23.6641,871000,871536
23.665,871536,872072
23.6791,872072,872608
23.6801,872608,873144
23.681,873144,873680
23.6951,873680,874216
23.6961,874216,874752
23.697,874752,875288
23.7111,875288,875824
23.7121,875824,876360
23.713,876360,876896
23.7271,876896,877432
23.7281,877432,877968
23.729,877968,878504
23.7431,878504,879040
23.7441,879040,879576
23.745,879576,880112
23.7591,880112,880648
23.7601,880648,881184
23.761,881184,881720
23.7751,881720,882256
23.7761,882256,882792
23.777,882792,883328
23.7911,883328,883864
23.7921,883864,884400
23.793,884400,884936
23.8071,884936,885472
23.8081,885472,886008
23.809,886008,886544
23.8231,886544,887080
23.8241,887080,887616
23.825,887616,888152
23.8391,888152,888688
23.8401,888688,889224
23.841,889224,889760
23.8551,889760,890296
23.8561,890296,890832
23.857,890832,891368
23.8711,891368,891904
23.8721,891904,892440
23.873,892440,892976
23.8871,892976,893512
23.8881,893512,894048
23.889,894048,894584
23.9031,894584,895120
23.9041,895120,895656
23.905,895656,896192
23.9191,896192,896728
23.9201,896728,897264
23.921,897264,897800
23.9351,897800,898336
23.9361,898336,898872
23.937,898872,899408
23.9511,899408,899944
23.9521,899944,900480
23.953,900480,901016
23.9671,901016,901552
23.9681,901552,902088
23.969,902088,902624
23.9831,902624,903160
23.9841,903160,903696
23.985,903696,904232
23.9991,904232,904768
24.0001,904768,905304
24.001,905304,905840
24.0151,905840,906376
24.0161,906376,906912
24.017,906912,907448
24.0311,907448,907984
24.0321,907984,908520
24.033,908520,909056
24.0471,909056,909592
24.0481,909592,910128
24.049,910128,910664
24.0631,910664,911200
24.0641,911200,911736
24.065,911736,912272
24.0791,912272,912808
24.0801,912808,913344
24.081,913344,913880
24.0951,913880,914416
24.0961,914416,914952
24.097,914952,915488
24.1111,915488,916024
24.1121,916024,916560
24.113,916560,917096
24.1271,917096,917632
24.1281,917632,918168
24.129,918168,918704
24.1431,918704,919240
24.1441,919240,919776
24.145,919776,920312
24.1591,920312,920848
24.1601,920848,921384
24.161,921384,921920
24.1751,921920,922456
24.1761,922456,922992
24.177,922992,923528
24.1911,923528,924064
24.1921,924064,924600
24.193,924600,925136
24.2071,925136,925672
24.2081,925672,926208
24.209,926208,926744
24.2231,926744,927280
24.2241,927280,927816
24.225,927816,928352
24.2391,928352,928888
24.2401,928888,929424
24.241,929424,929960
24.2551,929960,930496
24.2561,930496,931032
24.257,931032,931568
24.2711,931568,932104
24.2721,932104,932640
24.273,932640,933176
24.2871,933176,933712
24.2881,933712,934248
24.289,934248,934784
24.3031,934784,935320
24.3041,935320,935856
24.305,935856,936392
24.3191,936392,936928
24.3201,936928,937464
24.321,937464,938000
24.3351,938000,938536
24.3361,938536,939072
24.337,939072,939608
24.3511,939608,940144
24.3521,940144,940680
24.353,940680,941216
24.3671,941216,941752
24.3681,941752,942288
24.369,942288,942824
24.3831,942824,943360
24.3841,943360,943896
24.385,943896,944432
24.3991,944432,944968
24.4001,944968,945504
24.401,945504,946040
24.4151,946040,946576
24.4161,946576,947112
24.417,947112,947648
24.4311,947648,948184
24.4321,948184,948720
24.433,948720,949256
24.4471,949256,949792
24.4481,949792,950328
24.449,950328,950864
24.4631,950864,951400
24.4641,951400,951936
24.465,951936,952472
24.4791,952472,953008
24.4801,953008,953544
24.481,953544,954080
24.4951,954080,954616
24.4961,954616,955152
24.497,955152,955688
24.5111,955688,956224
24.5121,956224,956760
24.513,956760,957296
24.5271,957296,957832
24.5281,957832,958368
24.529,958368,958904
24.5431,958904,959440
24.5441,959440,959976
24.545,959976,960512
24.5591,960512,961048
24.5601,961048,961584
24.561,961584,962120
24.5751,962120,962656
24.5761,962656,963192
24.577,963192,963728
24.5911,963728,964264
24.5921,964264,964800
24.593,964800,965336
24.6071,965336,965872
24.6081,965872,966408
24.609,966408,966944
24.6231,966944,967480
24.6241,967480,968016
24.625,968016,968552
24.6391,968552,969088
24.6401,969088,969624
24.641,969624,970160
24.6551,970160,970696
24.6561,970696,971232
24.657,971232,971768
24.6711,971768,972304
24.6721,972304,972840
24.673,972840,973376
24.6871,973376,973912
24.6881,973912,974448
24.689,974448,974984
24.7031,974984,975520
24.7041,975520,976056
24.705,976056,976592
24.7191,976592,977128
24.7201,977128,977664
24.721,977664,978200
24.7351,978200,978736
24.7361,978736,979272
24.737,979272,979808
24.7511,979808,980344
24.7521,980344,980880
24.753,980880,981416
24.7671,981416,981952
24.7681,981952,982488
24.769,982488,983024
24.7831,983024,983560
24.7841,983560,984096
24.785,984096,984632
24.7991,984632,985168
24.8001,985168,985704
24.801,985704,986240
24.8151,986240,986776
24.8161,986776,987312
24.817,987312,987848
24.8311,987848,988384
24.8321,988384,988920
24.833,988920,989456
24.8471,989456,989992
24.8481,989992,990528
24.849,990528,991064
24.8631,991064,991600
24.8641,991600,992136
24.865,992136,992672
24.8791,992672,993208
24.8801,993208,993744
24.881,993744,994280
24.8951,994280,994816
24.8961,994816,995352
24.897,995352,995888
24.9111,995888,996424
24.9121,996424,996960
24.913,996960,997496
24.9271,997496,998032
24.9281,998032,998568
24.929,998568,999104
24.9431,999104,999640
24.9441,999640,1000176
24.945,1000176,1000712
24.9591,1000712,1001248
24.9601,1001248,1001784
24.961,1001784,1002320
24.9751,1002320,1002856
24.9761,1002856,1003392
24.977,1003392,1003928
24.9911,1003928,1004464
24.9921,1004464,1005000
24.993,1005000,1005536
25.0071,1005536,1006072
25.0081,1006072,1006608
25.009,1006608,1007144
25.0231,1007144,1007680
25.0241,1007680,1008216
25.025,1008216,1008752
25.0391,1008752,1009288
25.0401,1009288,1009824
25.041,1009824,1010360
25.0551,1010360,1010896
25.0561,1010896,1011432
25.057,1011432,1011968
25.0711,1011968,1012504
25.0721,1012504,1013040
25.073,1013040,1013576
25.0871,1013576,1014112
25.0881,1014112,1014648
25.089,1014648,1015184
25.1031,1015184,1015720
25.1041,1015720,1016256
25.105,1016256,1016792
25.1191,1016792,1017328
25.1201,1017328,1017864
25.121,1017864,1018400
25.1351,1018400,1018936
25.1361,1018936,1019472
25.137,1019472,1020008
25.1511,1020008,1020544
25.1521,1020544,1021080
25.153,1021080,1021616
25.1671,1021616,1022152
25.1681,1022152,1022688
25.169,1022688,1023224
25.1831,1023224,1023760
25.1841,1023760,1024296
25.185,1024296,1024832
25.1991,1024832,1025368
25.2001,1025368,1025904
25.201,1025904,1026440
25.2151,1026440,1026976
25.2161,1026976,1027512
25.217,1027512,1028048
25.2311,1028048,1028584
25.2321,1028584,1029120
25.233,1029120,1029656
25.2471,1029656,1030192
25.2481,1030192,1030728
25.249,1030728,1031264
25.2631,1031264,1031800
25.2641,1031800,1032336
25.265,1032336,1032872
25.2791,1032872,1033408
25.2801,1033408,1033944
25.281,1033944,1034480
25.2951,1034480,1035016
25.2961,1035016,1035552
25.297,1035552,1036088
25.3111,1036088,1036624
25.3121,1036624,1037160
25.313,1037160,1037696
25.3271,1037696,1038232
25.3281,1038232,1038768
25.329,1038768,1039304
25.3431,1039304,1039840
25.3441,1039840,1040376
25.345,1040376,1040912
25.3591,1040912,1041448
25.3601,1041448,1041984
25.361,1041984,1042520
25.3751,1042520,1043056
25.3761,1043056,1043592
25.377,1043592,1044128
25.3911,1044128,1044664
25.3921,1044664,1045200
25.393,1045200,1045736
25.4071,1045736,1046272
25.4081,1046272,1046808
25.409,1046808,1047344
25.4231,1047344,1047880
25.4241,1047880,1048416
25.425,1048416,1048952
25.4391,1048952,1049488
25.4401,1049488,1050024
25.441,1050024,1050560
25.4551,1050560,1051096
25.4561,1051096,1051632
25.457,1051632,1052168
25.4711,1052168,1052704
25.4721,1052704,1053240
25.473,1053240,1053776
25.4871,1053776,1054312
25.4881,1054312,1054848
25.489,1054848,1055384
25.5031,1055384,1055920
25.5041,1055920,1056456
25.505,1056456,1056992
25.5191,1056992,1057528
25.5201,1057528,1058064
25.521,1058064,1058600
25.5351,1058600,1059136
25.5361,1059136,1059672
25.537,1059672,1060208
25.5511,1060208,1060744
25.5521,1060744,1061280
25.553,1061280,1061816
25.5671,1061816,1062352
25.5681,1062352,1062888
25.569,1062888,1063424
25.5831,1063424,1063960
25.5841,1063960,1064496
25.585,1064496,1065032
25.5991,1065032,1065568
25.6001,1065568,1066104
25.601,1066104,1066640
25.6151,1066640,1067176
25.6161,1067176,1067712
25.617,1067712,1068248
25.6311,1068248,1068784
25.6321,1068784,1069320
25.633,1069320,1069856
25.6471,1069856,1070392
25.6481,1070392,1070928
25.649,1070928,1071464
25.6631,1071464,1072000
25.6641,1072000,1072536
25.665,1072536,1073072
25.6791,1073072,1073608
25.6801,1073608,1074144
25.681,1074144,1074680
25.6951,1074680,1075216
25.6961,1075216,1075752
25.697,1075752,1076288
25.7111,1076288,1076824
25.7121,1076824,1077360
25.713,1077360,1077896
25.7271,1077896,1078432
25.7281,1078432,1078968
25.729,1078968,1079504
25.7431,1079504,1080040
25.7441,1080040,1080576
25.745,1080576,1081112
25.7591,1081112,1081648
25.7601,1081648,1082184
25.761,1082184,1082720
25.7751,1082720,1083256
25.7761,1083256,1083792
25.777,1083792,1084328
25.7911,1084328,1084864
25.7921,1084864,1085400
25.793,1085400,1085936
25.8071,1085936,1086472
25.8081,1086472,1087008
25.809,1087008,1087544
25.8231,1087544,1088080
25.8241,1088080,1088616
25.825,1088616,1089152
25.8391,1089152,1089688
25.8401,1089688,1090224
25.841,1090224,1090760
25.8551,1090760,1091296
25.8561,1091296,1091832
25.857,1091832,1092368
25.8711,1092368,1092904
25.8721,1092904,1093440
25.873,1093440,1093976
25.8871,1093976,1094512
25.8881,1094512,1095048
25.889,1095048,1095584
25.9031,1095584,1096120
25.9041,1096120,1096656
25.905,1096656,1097192
25.9191,1097192,1097728
25.9201,1097728,1098264
25.921,1098264,1098800
25.9351,1098800,1099336
25.9361,1099336,1099872
25.937,1099872,1100408
25.9511,1100408,1100944
25.9521,1100944,1101480
25.953,1101480,1102016
25.9671,1102016,1102552
25.9681,1102552,1103088
25.969,1103088,1103624
25.9831,1103624,1104160
25.9841,1104160,1104696
25.985,1104696,1105232
25.9991,1105232,1105768
26.0001,1105768,1106304
26.001,1106304,1106840
26.0151,1106840,1107376
26.0161,1107376,1107912
26.017,1107912,1108448
26.0311,1108448,1108984
26.0321,1108984,1109520
26.033,1109520,1110056
26.0471,1110056,1110592
26.0481,1110592,1111128
26.049,1111128,1111664
26.0631,1111664,1112200
26.0641,1112200,1112736
26.065,1112736,1113272
26.0791,1113272,1113808
26.0801,1113808,1114344
26.081,1114344,1114880
26.0951,1114880,1115416
26.0961,1115416,1115952
26.097,1115952,1116488
26.1111,1116488,1117024
26.1121,1117024,1117560
26.113,1117560,1118096
26.1271,1118096,1118632
26.1281,1118632,1119168
26.129,1119168,1119704
26.1431,1119704,1120240
26.1441,1120240,1120776
26.145,1120776,1121312
26.1591,1121312,1121848
26.1601,1121848,1122384
26.161,1122384,1122920
26.1751,1122920,1123456
26.1761,1123456,1123992
26.177,1123992,1124528
26.1911,1124528,1125064
26.1921,1125064,1125600
26.193,1125600,1126136
26.2071,1126136,1126672
26.2081,1126672,1127208
26.209,1127208,1127744
26.2231,1127744,1128280
26.2241,1128280,1128816
26.225,1128816,1129352
26.2391,1129352,1129888
26.2401,1129888,1130424
26.241,1130424,1130960
26.2551,1130960,1131496
26.2561,1131496,1132032
26.257,1132032,1132568
26.2711,1132568,1133104
26.2721,1133104,1133640
26.273,1133640,1134176
26.2871,1134176,1134712
26.2881,1134712,1135248
26.289,1135248,1135784
26.3031,1135784,1136320
26.3041,1136320,1136856
26.305,1136856,1137392
26.3191,1137392,1137928
26.3201,1137928,1138464
26.321,1138464,1139000
26.3351,1139000,1139536
26.3361,1139536,1140072
26.337,1140072,1140608
26.3511,1140608,1141144
26.3521,1141144,1141680
26.353,1141680,1142216
26.3671,1142216,1142752
26.3681,1142752,1143288
26.369,1143288,1143824
26.3831,1143824,1144360
26.3841,1144360,1144896
26.385,1144896,1145432
26.3991,1145432,1145968
26.4001,1145968,1146504
26.401,1146504,1147040
26.4151,1147040,1147576
26.4161,1147576,1148112
26.417,1148112,1148648
26.4311,1148648,1149184
26.4321,1149184,1149720
26.433,1149720,1150256
26.4471,1150256,1150792
26.4481,1150792,1151328
26.449,1151328,1151864
26.4631,1151864,1152400
26.4641,1152400,1152936
26.465,1152936,1153472
26.4791,1153472,1154008
26.4801,1154008,1154544
26.481,1154544,1155080
26.4951,1155080,1155616
26.4961,1155616,1156152
26.497,1156152,1156688
26.5111,1156688,1157224
26.5121,1157224,1157760
26.513,1157760,1158296
26.5271,1158296,1158832
26.5281,1158832,1159368
26.529,1159368,1159904
26.5431,1159904,1160440
26.5441,1160440,1160976
26.545,1160976,1161512
26.5591,1161512,1162048
26.5601,1162048,1162584
26.561,1162584,1163120
26.5751,1163120,1163656
26.5761,1163656,1164192
26.577,1164192,1164728
26.5911,1164728,1165264
26.5921,1165264,1165800
26.593,1165800,1166336
26.6071,1166336,1166872
26.6081,1166872,1167408
26.609,1167408,1167944
26.6231,1167944,1168480
26.6241,1168480,1169016
26.625,1169016,1169552
26.6391,1169552,1170088
26.6401,1170088,1170624
26.641,1170624,1171160
26.6551,1171160,1171696
26.6561,1171696,1172232
26.657,1172232,1172768
26.6711,1172768,1173304
26.6721,1173304,1173840
26.673,1173840,1174376
26.6871,1174376,1174912
26.6881,1174912,1175448
26.689,1175448,1175984
26.7031,1175984,1176520
26.7041,1176520,1177056
26.705,1177056,1177592
26.7191,1177592,1178128
26.7201,1178128,1178664
26.721,1178664,1179200
26.7351,1179200,1179736
26.7361,1179736,1180272
26.737,1180272,1180808
26.7511,1180808,1181344
26.7521,1181344,1181880
26.753,1181880,1182416
26.7671,1182416,1182952
26.7681,1182952,1183488
26.769,1183488,1184024
26.7831,1184024,1184560
26.7841,1184560,1185096
26.785,1185096,1185632
26.7991,1185632,1186168
26.8001,1186168,1186704
26.801,1186704,1187240
26.8151,1187240,1187776
26.8161,1187776,1188312
26.817,1188312,1188848
26.8311,1188848,1189384
26.8321,1189384,1189920
26.833,1189920,1190456
26.8471,1190456,1190992
26.8481,1190992,1191528
26.849,1191528,1192064
26.8631,1192064,1192600
26.8641,1192600,1193136
26.865,1193136,1193672
26.8791,1193672,1194208
26.8801,1194208,1194744
26.881,1194744,1195280
26.8951,1195280,1195816
26.8961,1195816,1196352
26.897,1196352,1196888
26.9111,1196888,1197424
26.9121,1197424,1197960
26.913,1197960,1198496
26.9271,1198496,1199032
26.9281,1199032,1199568
26.929,1199568,1200104
26.9431,1200104,1200640
26.9441,1200640,1201176
26.945,1201176,1201712
26.9591,1201712,1202248
26.9601,1202248,1202784
26.961,1202784,1203320
26.9751,1203320,1203856
26.9761,1203856,1204392
26.977,1204392,1204928
26.9911,1204928,1205464
26.9921,1205464,1206000
26.993,1206000,1206536
27.0071,1206536,1207072
27.0081,1207072,1207608
27.009,1207608,1208144
27.0231,1208144,1208680
27.0241,1208680,1209216
27.025,1209216,1209752
27.0391,1209752,1210288
27.0401,1210288,1210824
27.041,1210824,1211360
27.0551,1211360,1211896
27.0561,1211896,1212432
27.057,1212432,1212968
27.0711,1212968,1213504
27.0721,1213504,1214040
27.073,1214040,1214576
27.0871,1214576,1215112
27.0881,1215112,1215648
27.089,1215648,1216184
27.1031,1216184,1216720
27.1041,1216720,1217256
27.105,1217256,1217792
27.1191,1217792,1218328
27.1201,1218328,1218864
27.121,1218864,1219400
27.1351,1219400,1219936
27.1361,1219936,1220472
27.137,1220472,1221008
27.1511,1221008,1221544
27.1521,1221544,1222080
27.153,1222080,1222616
27.1671,1222616,1223152
27.1681,1223152,1223688
27.169,1223688,1224224
27.1831,1224224,1224760
27.1841,1224760,1225296
27.185,1225296,1225832
27.1991,1225832,1226368
27.2001,1226368,1226904
27.201,1226904,1227440
27.2151,1227440,1227976
27.2161,1227976,1228512
27.217,1228512,1229048
27.2311,1229048,1229584
27.2321,1229584,1230120
27.233,1230120,1230656
27.2471,1230656,1231192
27.2481,1231192,1231728
27.249,1231728,1232264
27.2631,1232264,1232800
27.2641,1232800,1233336
27.265,1233336,1233872
27.2791,1233872,1234408
27.2801,1234408,1234944
27.281,1234944,1235480
27.2951,1235480,1236016
27.2961,1236016,1236552
27.297,1236552,1237088
27.3111,1237088,1237624
27.3121,1237624,1238160
27.313,1238160,1238696
27.3271,1238696,1239232
27.3281,1239232,1239768
27.329,1239768,1240304
27.3431,1240304,1240840
27.3441,1240840,1241376
27.345,1241376,1241912
27.3591,1241912,1242448
27.3601,1242448,1242984
27.361,1242984,1243520
27.3751,1243520,1244056
27.3761,1244056,1244592
27.377,1244592,1245128
27.3911,1245128,1245664
27.3921,1245664,1246200
27.393,1246200,1246736
27.4071,1246736,1247272
27.4081,1247272,1247808
27.409,1247808,1248344
27.4231,1248344,1248880
27.4241,1248880,1249416
27.425,1249416,1249952
27.4391,1249952,1250488
27.4401,1250488,1251024
27.441,1251024,1251560
27.4551,1251560,1252096
27.4561,1252096,1252632
27.457,1252632,1253168
27.4711,1253168,1253704
27.4721,1253704,1254240
27.473,1254240,1254776
27.4871,1254776,1255312
27.4881,1255312,1255848
27.489,1255848,1256384
27.5031,1256384,1256920
27.5041,1256920,1257456
27.505,1257456,1257992
27.5191,1257992,1258528
27.5201,1258528,1259064
27.521,1259064,1259600
27.5351,1259600,1260136
27.5361,1260136,1260672
27.537,1260672,1261208
27.5511,1261208,1261744
27.5521,1261744,1262280
27.553,1262280,1262816
27.5671,1262816,1263352
27.5681,1263352,1263888
27.569,1263888,1264424
27.5831,1264424,1264960
27.5841,1264960,1265496
27.585,1265496,1266032
27.5991,1266032,1266568
27.6001,1266568,1267104
27.601,1267104,1267640
27.6151,1267640,1268176
27.6161,1268176,1268712
27.617,1268712,1269248
27.6311,1269248,1269784
27.6321,1269784,1270320
27.633,1270320,1270856
27.6471,1270856,1271392
27.6481,1271392,1271928
27.649,1271928,1272464
27.6631,1272464,1273000
27.6641,1273000,1273536
27.665,1273536,1274072
27.6791,1274072,1274608
27.6801,1274608,1275144
27.681,1275144,1275680
27.6951,1275680,1276216
27.6961,1276216,1276752
27.697,1276752,1277288
27.7111,1277288,1277824
27.7121,1277824,1278360
27.713,1278360,1278896
27.7271,1278896,1279432
27.7281,1279432,1279968
27.729,1279968,1280504
27.7431,1280504,1281040
27.7441,1281040,1281576
27.745,1281576,1282112
27.7591,1282112,1282648
27.7601,1282648,1283184
27.761,1283184,1283720
27.7751,1283720,1284256
27.7761,1284256,1284792
27.777,1284792,1285328
27.7911,1285328,1285864
27.7921,1285864,1286400
27.793,1286400,1286936
27.8071,1286936,1287472
27.8081,1287472,1288008
27.809,1288008,1288544
27.8231,1288544,1289080
27.8241,1289080,1289616
27.825,1289616,1290152
27.8391,1290152,1290688
27.8401,1290688,1291224
27.841,1291224,1291760
27.8551,1291760,1292296
27.8561,1292296,1292832
27.857,1292832,1293368
27.8711,1293368,1293904
27.8721,1293904,1294440
27.873,1294440,1294976
27.8871,1294976,1295512
27.8881,1295512,1296048
27.889,1296048,1296584
27.9031,1296584,1297120
27.9041,1297120,1297656
27.905,1297656,1298192
27.9191,1298192,1298728
27.9201,1298728,1299264
27.921,1299264,1299800
27.9351,1299800,1300336
27.9361,1300336,1300872
27.937,1300872,1301408
27.9511,1301408,1301944
27.9521,1301944,1302480
27.953,1302480,1303016
27.9671,1303016,1303552
27.9681,1303552,1304088
27.969,1304088,1304624
27.9831,1304624,1305160
27.9841,1305160,1305696
27.985,1305696,1306232
27.9991,1306232,1306768
28.0001,1306768,1307304
28.001,1307304,1307840
28.0151,1307840,1308376
28.0161,1308376,1308912
28.017,1308912,1309448
28.0311,1309448,1309984
28.0321,1309984,1310520
28.033,1310520,1311056
28.0471,1311056,1311592
28.0481,1311592,1312128
28.049,1312128,1312664
28.0631,1312664,1313200
28.0641,1313200,1313736
28.065,1313736,1314272
28.0791,1314272,1314808
28.0801,1314808,1315344
28.081,1315344,1315880
28.0951,1315880,1316416
28.0961,1316416,1316952
28.097,1316952,1317488
28.1111,1317488,1318024
28.1121,1318024,1318560
28.113,1318560,1319096
28.1271,1319096,1319632
28.1281,1319632,1320168
28.129,1320168,1320704
28.1431,1320704,1321240
28.1441,1321240,1321776
28.145,1321776,1322312
28.1591,1322312,1322848
28.1601,1322848,1323384
28.161,1323384,1323920
28.1751,1323920,1324456
28.1761,1324456,1324992
28.177,1324992,1325528
28.1911,1325528,1326064
28.1921,1326064,1326600
28.193,1326600,1327136
28.2071,1327136,1327672
28.2081,1327672,1328208
28.209,1328208,1328744
28.2231,1328744,1329280
28.2241,1329280,1329816
28.225,1329816,1330352
28.2391,1330352,1330888
28.2401,1330888,1331424
28.241,1331424,1331960
28.2551,1331960,1332496
28.2561,1332496,1333032
28.257,1333032,1333568
28.2711,1333568,1334104
28.2721,1334104,1334640
28.273,1334640,1335176
28.2871,1335176,1335712
28.2881,1335712,1336248
28.289,1336248,1336784
28.3031,1336784,1337320
28.3041,1337320,1337856
28.305,1337856,1338392
28.3191,1338392,1338928
28.3201,1338928,1339464
28.321,1339464,1340000
28.3351,1340000,1340536
28.3361,1340536,1341072
28.337,1341072,1341608
28.3511,1341608,1342144
28.3521,1342144,1342680
28.353,1342680,1343216
28.3671,1343216,1343752
28.3681,1343752,1344288
28.369,1344288,1344824
28.3831,1344824,1345360
28.3841,1345360,1345896
28.385,1345896,1346432
28.3991,1346432,1346968
28.4001,1346968,1347504
28.401,1347504,1348040
28.4151,1348040,1348576
28.4161,1348576,1349112
28.417,1349112,1349648
28.4311,1349648,1350184
28.4321,1350184,1350720
28.433,1350720,1351256
28.4471,1351256,1351792
28.4481,1351792,1352328
28.449,1352328,1352864
28.4631,1352864,1353400
28.4641,1353400,1353936
28.465,1353936,1354472
28.4791,1354472,1355008
28.4801,1355008,1355544
28.481,1355544,1356080
28.4951,1356080,1356616
28.4961,1356616,1357152
28.497,1357152,1357688
28.5111,1357688,1358224
28.5121,1358224,1358760
28.513,1358760,1359296
28.5271,1359296,1359832
28.5281,1359832,1360368
28.529,1360368,1360904
28.5431,1360904,1361440
28.5441,1361440,1361976
28.545,1361976,1362512
28.5591,1362512,1363048
28.5601,1363048,1363584
28.561,1363584,1364120
28.5751,1364120,1364656
28.5761,1364656,1365192
28.577,1365192,1365728
28.5911,1365728,1366264
28.5921,1366264,1366800
28.593,1366800,1367336
28.6071,1367336,1367872
28.6081,1367872,1368408
28.609,1368408,1368944
28.6231,1368944,1369480
28.6241,1369480,1370016
28.625,1370016,1370552
28.6391,1370552,1371088
28.6401,1371088,1371624
28.641,1371624,1372160
28.6551,1372160,1372696
28.6561,1372696,1373232
28.657,1373232,1373768
28.6711,1373768,1374304
28.6721,1374304,1374840
28.673,1374840,1375376
28.6871,1375376,1375912
28.6881,1375912,1376448
28.689,1376448,1376984
28.7031,1376984,1377520
28.7041,1377520,1378056
28.705,1378056,1378592
28.7191,1378592,1379128
28.7201,1379128,1379664
28.721,1379664,1380200
28.7351,1380200,1380736
28.7361,1380736,1381272
28.737,1381272,1381808
28.7511,1381808,1382344
28.7521,1382344,1382880
28.753,1382880,1383416
28.7671,1383416,1383952
28.7681,1383952,1384488
28.769,1384488,1385024
28.7831,1385024,1385560
28.7841,1385560,1386096
28.785,1386096,1386632
28.7991,1386632,1387168
28.8001,1387168,1387704
28.801,1387704,1388240
28.8151,1388240,1388776
28.8161,1388776,1389312
28.817,1389312,1389848
28.8311,1389848,1390384
28.8321,1390384,1390920
28.833,1390920,1391456
28.8471,1391456,1391992
28.8481,1391992,1392528
28.849,1392528,1393064
28.8631,1393064,1393600
28.8641,1393600,1394136
28.865,1394136,1394672
28.8791,1394672,1395208
28.8801,1395208,1395744
28.881,1395744,1396280
28.8951,1396280,1396816
28.8961,1396816,1397352
28.897,1397352,1397888
28.9111,1397888,1398424
28.9121,1398424,1398960
28.913,1398960,1399496
28.9271,1399496,1400032
28.9281,1400032,1400568
28.929,1400568,1401104
28.9431,1401104,1401640
28.9441,1401640,1402176
28.945,1402176,1402712
28.9591,1402712,1403248
28.9601,1403248,1403784
28.961,1403784,1404320
28.9751,1404320,1404856
28.9761,1404856,1405392
28.977,1405392,1405928
28.9911,1405928,1406464
28.9921,1406464,1407000
28.993,1407000,1407536
29.0071,1407536,1408072
29.0081,1408072,1408608
29.009,1408608,1409144
29.0231,1409144,1409680
29.0241,1409680,1410216
29.025,1410216,1410752
29.0391,1410752,1411288
29.0401,1411288,1411824
29.041,1411824,1412360
29.0551,1412360,1412896
29.0561,1412896,1413432
29.057,1413432,1413968
29.0711,1413968,1414504
29.0721,1414504,1415040
29.073,1415040,1415576
29.0871,1415576,1416112
29.0881,1416112,1416648
29.089,1416648,1417184
29.1031,1417184,1417720
29.1041,1417720,1418256
29.105,1418256,1418792
29.1191,1418792,1419328
29.1201,1419328,1419864
29.121,1419864,1420400
29.1351,1420400,1420936
29.1361,1420936,1421472
29.137,1421472,1422008
29.1511,1422008,1422544
29.1521,1422544,1423080
29.153,1423080,1423616
29.1671,1423616,1424152
29.1681,1424152,1424688
29.169,1424688,1425224
29.1831,1425224,1425760
29.1841,1425760,1426296
29.185,1426296,1426832
29.1991,1426832,1427368
29.2001,1427368,1427904
29.201,1427904,1428440
29.2151,1428440,1428976
29.2161,1428976,1429512
29.217,1429512,1430048
29.2311,1430048,1430584
29.2321,1430584,1431120
29.233,1431120,1431656
29.2471,1431656,1432192
29.2481,1432192,1432728
29.249,1432728,1433264
29.2631,1433264,1433800
29.2641,1433800,1434336
29.265,1434336,1434872
29.2791,1434872,1435408
29.2801,1435408,1435944
29.281,1435944,1436480
29.2951,1436480,1437016
29.2961,1437016,1437552
29.297,1437552,1438088
29.3111,1438088,1438624
29.3121,1438624,1439160
29.313,1439160,1439696
29.3271,1439696,1440232
29.3281,1440232,1440768
29.329,1440768,1441304
29.3431,1441304,1441840
29.3441,1441840,1442376
29.345,1442376,1442912
29.3591,1442912,1443448
29.3601,1443448,1443984
29.361,1443984,1444520
29.3751,1444520,1445056
29.3761,1445056,1445592
29.377,1445592,1446128
29.3911,1446128,1446664
29.3921,1446664,1447200
29.393,1447200,1447736
29.4071,1447736,1448272
29.4081,1448272,1448808
29.409,1448808,1449344
29.4231,1449344,1449880
29.4241,1449880,1450416
29.425,1450416,1450952
29.4391,1450952,1451488
29.4401,1451488,1452024
29.441,1452024,1452560
29.4551,1452560,1453096
29.4561,1453096,1453632
29.457,1453632,1454168
29.4711,1454168,1454704
29.4721,1454704,1455240
29.473,1455240,1455776
29.4871,1455776,1456312
29.4881,1456312,1456848
29.489,1456848,1457384
29.5031,1457384,1457920
29.5041,1457920,1458456
29.505,1458456,1458992
29.5191,1458992,1459528
29.5201,1459528,1460064
29.521,1460064,1460600
29.5351,1460600,1461136
29.5361,1461136,1461672
29.537,1461672,1462208
29.5511,1462208,1462744
29.5521,1462744,1463280
29.553,1463280,1463816
29.5671,1463816,1464352
29.5681,1464352,1464888
29.569,1464888,1465424
29.5831,1465424,1465960
29.5841,1465960,1466496
29.585,1466496,1467032
29.5991,1467032,1467568
29.6001,1467568,1468104
29.601,1468104,1468640
29.6151,1468640,1469176
29.6161,1469176,1469712
29.617,1469712,1470248
29.6311,1470248,1470784
29.6321,1470784,1471320
29.633,1471320,1471856
29.6471,1471856,1472392
29.6481,1472392,1472928
29.649,1472928,1473464
29.6631,1473464,1474000
29.6641,1474000,1474536
29.665,1474536,1475072
29.6791,1475072,1475608
29.6801,1475608,1476144
29.681,1476144,1476680
29.6951,1476680,1477216
29.6961,1477216,1477752
29.697,1477752,1478288
29.7111,1478288,1478824
29.7121,1478824,1479360
29.713,1479360,1479896
29.7271,1479896,1480432
29.7281,1480432,1480968
29.729,1480968,1481504
29.7431,1481504,1482040
29.7441,1482040,1482576
29.745,1482576,1483112
29.7591,1483112,1483648
29.7601,1483648,1484184
29.761,1484184,1484720
29.7751,1484720,1485256
29.7761,1485256,1485792
29.777,1485792,1486328
29.7911,1486328,1486864
29.7921,1486864,1487400
29.793,1487400,1487936
29.8071,1487936,1488472
29.8081,1488472,1489008
29.809,1489008,1489544
29.8231,1489544,1490080
29.8241,1490080,1490616
29.825,1490616,1491152
29.8391,1491152,1491688
29.8401,1491688,1492224
29.841,1492224,1492760
29.8551,1492760,1493296
29.8561,1493296,1493832
29.857,1493832,1494368
29.8711,1494368,1494904
29.8721,1494904,1495440
29.873,1495440,1495976
29.8871,1495976,1496512
29.8881,1496512,1497048
29.889,1497048,1497584
29.9031,1497584,1498120
29.9041,1498120,1498656
29.905,1498656,1499192
29.9191,1499192,1499728
29.9201,1499728,1500264
29.921,1500264,1500800
29.9351,1500800,1501336
29.9361,1501336,1501872
29.937,1501872,1502408
29.9511,1502408,1502944
29.9521,1502944,1503480
29.953,1503480,1504016
29.9671,1504016,1504552
29.9681,1504552,1505088
29.969,1505088,1505624
29.9831,1505624,1506160
29.9841,1506160,1506696
29.985,1506696,1507232
29.9991,1507232,1507768
